Version,ID,Sex,Age_Years,Age_Months,Age_Days,Experimenter,Sad_Friend,Sad_Friend_why,Sad_BF,Sad_BF_why,Sad_NF,Sad_NF_why,Sad_Mom,Sad_mom_why,Sad_FriendMom,Sad_FriendMom_why,Happy_Friend,Happy_Friend_why,Happy_BF,Happy_BF_why,Happy_NF,Happy_NF_why,Happy_Mom,Happy_Mom_why,Happy_FriendMom,Happy_FriendMom_why
2A,S001,M,8,1,1,Megan,sad,idk,sad,idk,sad,idk,sad ,idk,sad ,idk,happy ,idk,happy ,idk,happy ,idk,happy ,idk,happy ,idk
2B,S002,M,7,4,1,Megan,sad,idk,owls,because he didn't know about the owls can move with the wings,owls,because his friend likes owls,fact,because Skylar likes foxes,fact,because Skylar likes geese too,rabbits,idk,rabbits,because she didn't know that rabbits lift with their back legs,happy,idk,fact,because he didn't know the fact about racoons,fact,because Jamie thinks lizards are cool
2C,S003,M,9,7,3,Megan,sad,it's good to share your feelings,sad,it's good to share your feelings,owls,because the other person would be interested in him,fact,because facts are cool,sad,because it's good to share your feelinngs,rabbits,because it is good to share your feelings,happy,because rabbits are a cool animal,rabbits,because then that person may become interested in them,happy,because she is her mom,fact,because lizards are cool
2D,S004,M,9,2,16,Megan,owls,he's not an extremely close friend,sad,because it's a close friend and some other friends might not understand,owls,he doesn't know him yet,sad,he is her son,fact,Skylar doesn't know her so much,rabbits,because she's not as close as his best friend,happy,becuase she wants to share her emotions with someone she knows,rabbits,because she hasn't known this friend for a long time,fact,because she wants to educate her,happy,because that's her mom's close friend
2A,S005,M,8,2,14,Megan,owls,he learned that owls flap their wings silently,sad,it's his best friend and he will tell his super close best friend anything,sad,if he tells that then they were gonna make him happy,sad,she will tell herson anything,fact,she doesn't want Skylar to know that she's deeply sad today,happy,it's her best friends,happy,it's her super close best friend and she knows that it will be happy,happy,he probably will want to be her best friend if she's telling him that,happy,she wants to tell her son that she's happy,fact,she doesn't know her that well and it's not her mom
2B,S006,F,7,2,23,Megan,sad ,he's feeling sad and he wants to talk about it with someone,sad,he wants to process it with someone,sad,he wants to tell them and ask how are you and they can talk about it,fact,"grownups can talk to a therapist, kids can talk to a therapist and thier parents",fact,grownups can find their own therapist and do not have to work it out with a kid,happy,she's so happy that she needs to tell someone she's happy,happy,they are best friends,happy,for best friends the first thing you say is how your day was,happy,she's happy,fact,it was so fun and maybe that's why she's happy
2C,S007,F,8,6,11,Megan,owls,so he knows about owls too,sad,his best friend may know what's making him sad and know how to help him,sad,that's what very good friends do,sad,he's her son,fact,she doesn't want to know how she's feeling and she's not his friend,happy,she may not know about the rabbits,rabbits,most share when they are happy,rabbits,that one may not know about the rabbits,fact,she may like raccoons and she may not know about the raccoons,fact,she may know she's happy and Jaime may not know about the lizards
2D,S008,F,6,1,21,Megan,owls,maybe he is,owls,he will be happy,owls,it's good to tell about the friend,fact,it's good for him to do that,fact,it's good for them,rabbits,because it's really good and maybe the rabbits in school and it's good to eat carrots,happy,being happy is good,happy,maybe when she's swimming in the pool she'll be happy,fact,she's learning and she's happy but sometimes sad at work,fact,she's learning about that
2A,S009,F,7,8,6,Megan,sad,so his friend can cheer him up,sad,to cheer him up,owls,"just because if he tells them that he's feeling sad today, it doesn't really get them somewhere else",sad,just for him to know,sad,just to cheer him up,happy,she might also feel happy,happy,so she knows,happy,"if the other person was sad, she could cheer him up",fact,she tells her daughter just what she learned,happy,idk
2B,S010,F,9,7,17,Megan,owls,"if he told that he was feeling sad, maybe he could tell his super close best friend",sad,his super close best friend knows him a lot and he will make Skylar feel better,owls,so when they start talking maybe they start more about different stuff and maybe they've become best friends,sad,he'll maybe say me too and they started comforting each other and makeing each other feel better,fact,because it's [not?] Skylar's mom and if she tells that she's sad then she couldn't do anything about it because he's not an adult and he cannot do much,rabbits,he asked,happy,she asked how was school today and that was the closest answer,happy,they would quicker turn best friends,fact,they're both happy and they share the other thing,happy,"if she told her the fact, then probably only her mom would tell the fact and her friend's mom would tell her that she's happy today"
2C,S011,F,8,0,29,Megan,owls,the other best friend is closer to him so he will talk about the owls,sad,he was sad too so he was sad,sad,he wants to be super close friends with the other person,sad,she's not that sad,sad,because she was really sad,happy,because she was happier,rabbits,because she was happy and she still loved the rabits,happy,because she thoughtthe other friend was happy too,fact,becuase she was not that happy,happy,because she's happier
2D,S012,M,7,2,24,Megan,owls,he will feel embarassed ,owls,because he will feel embarrassed,owls,maybe he would want them to know that,fact,maybe she was wanting to tell that fact,fact,because she may not have seen that he's sad and she is wanting to tell that fact,rabbits,maybe he's in a differen class than him and maybe he didn't learn that today,rabbits,he doesn't go to school and did learn that day,rabbits,she's really excited that she learned that,fact,maybe she really likes raccoons and maybe she just wanted to,fact,maybe kids need to learn more that gorwnups do
2A,S013,M,9,7,29,Megan,owls,he's not a super close friend,sad,because he's a super close best friend,sad,so he can become best friends with his somrmal friends so he shows he trusts them,sad,because that's her son,fact,he's not her son and it would be awkard to tell she's sad today,rabbits,he's just a normal friend and not a super best friend,happy,because it's a super close best friend and you trust them,happy,because she wants to be best friends with him and she needs to show that she trust him,happy,she's her daugther and she's super close to her,fact,she's not super close to her
2B,S014,M,7,4,11,Megan,owls,idk,owls,idk,owls,idk,fact,idk,fact,idk,rabbits,she already sees her smile,rabbits,same thing,rabbits,same thing,fact,same,fact,"idk, I think the same thing"
2C,S015,F,6,4,16,Megan,sad,he had a really bad day,sad,he had a really sad day,sad,because he had a bad day,fact,they are super cool,fact,geese are super cool,rabbits,they are super cute and chubby,rabbits,they're so cute,rabbits,they're so chubby,fact,they're super cool,fact,lizards are cool
2D,S016,F,6,11,5,Megan,sad,so he can cheer him up,owls,because he wants to know why it's scary,owls,he doesn't want to cry it will make his friend very sad,fact,she want's to let her chilren know more,sad,she wants to be the same as him,happy,because he wants to know his feelings,rabbits,because he wants his friends to learn about it too,rabbits,he want to know more,happy,she wants to smiile so Jamie can be happy also,fact,she wants to help the kids know the lizards
2A,S017,F,9,2,14,Megan,owls,they are not close,sad,he's super close,sad,to try to become a friend,sad,he's known her his entire life,fact,he's not close to her,rabbits,she wanted her friend to be a little smarter,rabbits,he likes them,happy,just because she wants to,happy,they know each other really well,happy,just to make her happy
2B,S018,M,7,3,14,Megan,sad,because she didn't want to keep it a secret,owls,they want to keep it,sad,he didn't want to keep it still a secret to himself,sad,she didn't want to keep it a secret,sad,she didn't want to keep it a secret to hreself,rabbits,she didn't want to tell her she was happy,happy,she wants to,rabbits,because she loves rabbits,fact,she teaches her daugther,fact,because she didn't want to keep it a secret
2C,S019,F,6,6,27,Megan,sad,his brain told him to,sad,I chose it,owls,he tells about owls because he likes owls,sad,idk,fact,idk,rabbits,idk,happy,idk,rabbits,because she will,fact,idk,happy,becuase they both have a birthday today
2D,S020,F,8,9,2,Megan,sad,because he thinks that owls wasn't a good story to tell his friend,owls,because he doesn't want his friend to know he was sad,owls,because he didn't want to be friends while feeling sad,fact,she wouldn't want her son to feel bad that she's sad,fact,she's not related to Skylar,rabbits,because her and her friend aren't really close,happy,because Taylor asked how was school,happy,because she told her other super best friend about her feeling happy,happy,because she's known her daughter for awhile,happy,because they are both happy
2A,S021,M,7,5,18,Megan,sad,his friend might cheer him up,owls,so that his friend could know about that,sad,he could tell his friend that,sad,Skylar could cheer his mom up,fact,Skylar would want to learn about geese,rabbits,so he could learn too,happy,they could play together ,rabbits,so he could learn too,fact,so then Jamie  could learn too,fact,lizards are really cool
2B,S022,M,9,4,24,Megan,sad,he wanted his friend to help him feel better,owls,he wanted his best friend to know something about owls,owls,he wanted that person to know about owls,fact,she didn't want Skylar to feel more sad,sad,she wanted to help Skylar feel a little better,happy,she wanted to tell her friend that she was happy,rabbits,she's her closest best friend and she's gonna tell them about rabbits,rabbits,because she wants to make a close best friend,happy,she didn't want Jamie to learn about the lizards,happy,she didn't want Jamie to learn about lizards
2C,S023,F,8,4,27,Megan,owls,he's not a super duper close best friend,sad,just what I picked,owls,they are not super close best friend and doesn't want to tell about being sad,fact,so he can learn something new,fact,that's what I picked,.,.,.,.,.,.,.,.,.,.
2D,S024,F,6,3,11,Megan,.,.,.,.,.,.,.,.,.,.,rabbits,just because,happy ,idk,happy,just because,happy,just because ,fact,idk
2A,S025,M,9,8,5,Megan,sad,because he was sad before,sad,because he was sad before,owls,idk,sad,because she was proabably sad too,fact,.,.,.,.,.,.,.,.,.,.,.
2B,S026,F,9,8,15,Megan,owls,because he's not best friends with Skylar,sad,because they're best friends,owls,that's a cool fact and then he won't want to tell about being upset because he might not want to be friends,fact,its a cool fact,fact,that's something he might not know,rabbits,she doesn't know why she's happy,happy,because she's her best friend,rabbits,because its an intersting fact that persons might not know about,happy,she's been super happy that day,fact,she might not know that fact
2C,S027,M,6,6,15,Megan,owls,because he likes owls and didn't know the fact,owls,he knows a fact and he doesn't know it,sad,idk,fact,because she loves foxes,fact,idk,rabbits,she loves rabbits and was happy about rabbits,rabbits,she loves rabbits,happy,she loves being happy,fact,she loves racoons,fact,she learned about lizards at work
2D,S028,M,6,2,9,Megan,owls,he liked it,sad,idk,owls,he liked it,fact,she liked it,sad,.,rabbits,she liked them,rabbits,she liked them,rabbits,because I like them,fact,she liked it,fact,she liked it
2E,S029,F,7,6,1,Megan,owls,it's a fun fact and they're not really close to each other Skylar doesn't have to tell everything to this friend,sad,they're really close to each other so Skylar should tell him about what he's feeling today,sad,they want to be super best friends and you can tell how they're feeling today,sad,she loves him and you can share your feelings with him,sad,idk,happy,because it's fun to share feelings with other friends,happy,that is her super close best friend and they can share their feelings sometimes,rabbits,she doesn't really know her friend yet,happy,because it's her mom most of the time moms and daughters share their feelings with each other,fact,it's a cool fact and it's fun to learn about lizards
2F,S030,F,6,2,17,Megan,owls,he still has water coming down his eyes crying and did tell his best friend,owls,because he's still crying at school,sad,because he's feeling scared and he wants to wipe his tears,fact,I like foxes,fact,he needs to learn about it too,rabbits,because she has a smile on her face,rabbits,she had a smiley face on her face,happy,because her would prbably trick him and he will be tricked by her,fact,because she has a smiley face on her face,fact,because she has that smile on her face
2G,S031,F,6,4,13,Megan,sad,so he can try to help,owls,idk,owls,idk,sad,idk,sad,idk,happy,idk,happy,idk,happy,idk,happy,idk,happy,idk
2H,S032,F,9,1,4,Megan,sad,because it's his friend,sad,idk,owls,he wanted to be friends,fact,because she's comfortable with him,sad,idk,happy,idk,rabbits,it's her super close best friend,happy,she doesn't really know that person,fact,she likes her,happy,idk
2E,S033,F,7,5,18,Megan,sad,because then he could tell his friend that he is feeling sad and his friend could help him,owls,because he wants the green person to know about owls,owls,so he thinks he learned something and then he wants to be his friend,fact,because she wants Skylar to learn a lot,fact,so he knows about it,rabbits,she might be forgetting that she was happy,rabbits,because maybe her super close best friend already knows she's happy,rabbits,maybe she wants to share what she learned,fact,maybe Jamie's mom might think she is interested,fact,maybe she wants to learn about racoons
2F,S034,M,7,7,27,Megan,owls,because his friends might be interested about owls`,sad,because his super close best friends would make him feel happier,owls,becasue they both like owls,fact,foxes might be his favorite animal,fact,his second favorite animal is a geese,rabbits,because her friend maybe has a pet rabbit,happy,so her friend knows she was feeling happy,happy,so her friend might tell how she was feeling,happy,because in the morning she was feeling sad and then happy,fact,the friend might also be happy
2G,S035,M,8,0,9,Megan,owls,because he's,sad,because it's his best friend,owls,it's a lot more interesting than being sad,sad,she's Skylar's mom,sad,because they have a lot of similarities ,happy,he's just her friend,rabbits,because it's more intersting than being happy,rabbits,because it's more interesting than being happy,fact,because it's more interesting than,fact,because they have a lot in common
2H,S036,F,7,0,0,Megan,sad,idk,sad,idk,owls,because he wants to be close best friends,fact,so he can be smart ,fact,so he can be smart,happy,idk,rabbits,idk,happy,so they can be super close friends,fact,to make her smart,fact,Jamie can be smart
2E,S037,M,8,11,6,Megan,owls,Peyton might not know him ask well as his best friend,sad,he probably tell him to cheer up,owls,he might love owls. He also wouldn't show his best friend,sad,she probably wants to cheer her up,fact,because that is not her child,happy,so her friend could know more about her,rabbits,it's quite rare to learn this stuff in school,happy,you want to know more about him,happy,she learns more about her but not every trusted adult,fact,it's not her child
2G,S038,F,8,4,4,Megan,sad,because his super close best friends,sad,because he's his best friend,sad,that's for feelings,fact,she wants to know about foxes,fact,she wants to know about geese,rabbits,they already know that she's happy,rabbits,they already know that she's happy,happy,she wants to know that she's happy,fact,she wants to know about racoons,fact,she wants to know about lizards
2H,S039,M,9,6,25,Megan,owls,he just wanted to share a fact,sad,that's his super close best friend,owls,if you make friends with someone you probably won't tell them you're sad today,fact,she wanted to,fact,it's an intersting fact,rabbits,that's her closer ,rabbits,being happy isn't what she learned in school,rabbits,that's a cool fact  you can share and they can be interested in rabbits,happy,she asked how was your day,happy,Jamie asked how was your day and she would probably say I had a good day
2E,S040,F,8,4,29,Megan,owls,it's his friend,owls,he's his super close best friend,sad,he his making a relationship with his best friends,sad,she's his mom,fact,she wants to,rabbits,she's her best friend,happy,she's her super close best friend,happy,she wants to,happy,she's her daughter,fact,she wants to
2F,S041,F,9,2,11,Megan,owls,he wants to tell his friend an interesting fact,owls,he wants his super best friend to know more,sad,so his super best friend knows more about him,fact,so that skylar knows,fact,she wants skylar to learn more,rabbits,both of her friends will know the interesting fact about rabbits,rabbits,she wants her super close best friend to know more,happy,she wants to let her friend know more about herself,fact,she wants Jamie to know more,fact,she wants to tell Jamie an interting fact
2G,S042,M,8,4,30,Megan,sad,to let her know and they might find a solution,sad,he is his really close best friend and he can find a solution,owls,he just met this kid and he's new and he should not tell him how he's feeling today,sad,to let her son know that she's feeling sad today,sad,to just tell,happy,to let her friend know hey I'm feeling happy today wanna go somewhere,happy,so eve,rabbits,so he or she will be intersted in rabbits,fact,so she would be like there is a fact about raccoons and she will be oh cool thanks for telling me,happy,I'm feeling happy today
2H,S043,M,8,5,28,Megan,sad,I think he might already know about owls so I think that he would tell that he's feeling sad,sad,"best friends want to tell people how they feel, so I think the he would tell him that he's feeling sad",owls,the brown guy might not know I think he might want to tell him something cool,fact,I think Skylar doesn't know that yet and his mom wants him to know that,fact,I think Skylar would think it was cool and he dodn't know that yet,happy,idk,happy,usually best friends tell people how they're feeling and stuff,rabbits,idk,fact,I don't think the kid knows that so I think the mom wants the kid to know it so the he can be smart,fact,I think the mom wants her kid to learn
2E,S044,F,8,10,3,Megan,owls,it was amazing,owls,it's neat,owls,they're neat,fact,they're neat,fact,they're cool,rabbits,they are really cool,rabbits,they're neat,rabbits,they are neat,fact,they are neat,fact,they're amazong
2F,S045,M,9,2,25,Megan,owls,he thinks owls are super cool,sad,so he might make them feel better,owls,he really likes owls,fact,so he can learn something new,fact,then he would learn something new,happy,then she can talk about everything she did,happy,when she tells she's happy then she can tell about all the other things she's happy about,rabbits,she thinks that they are so cool,fact,so she can learn a new thing,fact,then she would learn something new
2G,S046,M,6,0,4,Megan,sad,idk,owls,idk,sad,idk,fact,idk,sad,idk,rabbits,idk,happy,idk,rabbits,idk,fact,idk,fact,idk
2H,S047,F,8,0,6,Megan,sad,he saw his friend,owls,.,owls,because it's interesting,fact,Skylar might tell her mom that he learned a fact,sad,Because Skylar is sad,happy,it's just her friend,rabbits,they are close friends,happy,to introduce her,fact,because Jamie also learned a fact,happy,Jamie is also happy
2E,S048,F,9,3,0,Megan,owls,his friend asked him how was school,sad,because Skylar is his best friend,sad,idk,fact,she thought he would like it,fact,they both like geese,rabbits,her friend likes learning facts about animals,happy,she likes to be happy,happy,they like to be happy,fact,Jamie likes raccoons,happy,they like to be happy
2F,S049,M,8,6,8,Megan,sad,then his friend might be able to cheer him up,owls,then the other friend would probably be sad too,sad,then he can cheer him up,fact,it might be a cool fact and cheer Skylar up,sad,then Skylar would say me too and they might start talking,happy,then her friend will be happy,rabbits,it's an interesting fact,rabbits,just saying that you're happy won't make them best friends telling a fact will make them best friends,fact,it is a cool fact,fact,if she just says she's happy then it doesn't really do anything
2G,S050,F,6,4,9,Megan,sad,it's good to tell friends what your feeling is,sad,it's good to tell friends that you're feeling sad or happy,sad,because new friends want to know how you're feeling,sad,whatever you're feeling you might want to tell your mom or dad,sad,to greet someone you want to tell them how you're feeling,happy,when your friend says how did it go you wanna say if it went good or bad,happy,when your friend said how did it go at school you wanna tell them,happy,when you have a new friend you wanna tell them how you're feeling,happy,"when you're feeling happy, sad, or mad you wanna tell your mom",happy,when you meet someone new you wanna tell them how you're feeling
2H,S051,M,7,10,13,Megan,owls,it was an interesting fact,owls,it was an intersting fact,owls,it was an interesting fact,fact,it was probably interesting,fact,it was interesting,rabbits,it was an interesting fact,rabbits,it was an interesting fact,rabbits,it was an interesting fact about rabbits,fact,it's probably interesting,fact,it's an interesting fact
2E,S052,M,8,0,27,Megan,sad,idk,sad,idk,owls,idk,sad,idk,sad,idk,rabbits,because she learns it,rabbits,because she learns it,rabbits,she learned it,fact,she learned it,fact,she learned it
2F,S053,M,8,3,12,Megan,owls,he asked his friend how school was,owls,he asked about school,sad,it has a more personal effect,fact,parent's don't always tell their kids that they are feeling sad,fact,it's a less personal fact,rabbits,her friend asked what school was like,rabbits,she asked what school was like today,happy,because that is a personal thing,happy,to tell her kids how they are feeling,fact,I think Jamie's friend's mom would think Jamie would like to learn a new fact
2G,S054,F,6,6,22,Megan,owls,I forgot,owls,the owls move without flapping their wings and make no sound,sad,idk,sad,idk,fact,idk,rabbits,idk,happy,maybe her super close best friend went to school and also learned about rabbits,rabbits,idk,happy,she's feeling happy,fact,idk
2H,S055,F,9,0,12,Megan,sad,Peyton asked how was school and he was sad,sad,just the same as with Peyton,owls,he maybe wants people to know how owls work and maybe smart and can tell people,sad,just like the same as his mom's friend,sad,because Skylar asked about how was her day and her day was sad and she would tell Skylar that her day was sad,happy,he had a good day at school and at home,happy,just like the same as her other friends,rabbits,the rabbits would be more good to tell,fact,Jamie's mom would love for Jamie to know about racoons and learn something else,happy,she wants everybody to know that she's happy so she can maybe make other people happy
2E,S056,M,6,8,21,Megan,owls,idk,owls,to help him learn,owls,sh they can become better friends,fact,to help Skylar learn,fact,to help Skylar learn,rabbits,to tell her friend something about rabbits,rabbits,to help them learn,rabbits,so that her new friend can learn something new,fact,so that Jamie can learn a little bit more,fact,it helps Jamie to learn something new
2F,S057,F,7,4,28,Megan,sad,same thing,sad,he knows he might want to help,owls,so he can be smart,fact,so he can be smart ,sad,the same thing,rabbits,so she learns how they jump,rabbits,because she wants him to be interested,rabbits,same thing,fact,because she wants Jamie to be smart,fact,she wants her to be smart
2G,S058,F,8,6,6,Megan,owls,he doesn't want his friend to be sad,owls,he doesn't want his friend to get sad,owls,idk,sad,idk,sad,idk,rabbits,idk,rabbits,idk,happy,idk,happy,idk,happy,idk
2H,S059,M,6,6,6,Megan,owls,because no one wants to hear that he's sad,owls,because no one wants to hear that he's sad,owls,no one wants to hear about he's sad again,fact,no one wants to hear a story about he was sad,fact,no one wants to hear how he's sad again,rabbits,because no one tells their emotions to someone else,rabbits,same thing,rabbits,because no one talks about their emotions,fact,because it may be more interesting and interesting things are more fun to me,happy,that's sometimes a good thing
2E,S060,F,6,6,27,Megan,owls,because he can talk about other facts,sad,because her best friend might give a hug,owls,if the other one knows something else they can share facts,sad,Skylar might give her a hug,fact,they can share about different animals,happy,because they can make her happier,rabbits,because her super best friend,rabbits,because they can talk about different animals and they can talk about what they learned and the facts,happy,because they can make her mom more happy,fact,because they can share what they learned
2F,S061,F,9,5,23,Megan,owls,he wants to share a fact with Peyton,sad,he wants to share his feelings with his super close best friend,owls,he wants to become better friends with him,fact,she wants Skylar to learn better,fact,she wants Skylar to know about geese,rabbits,she wants her friend to get more close with her,happy,she wants to share her feelings with her,rabbits,she wants to share information with him or her,fact,she wants Jamie to learn about the fact,happy,she wants to share her feelings with Jamie
2G,S062,M,9,6,10,Megan,sad,it's good to share emotions,sad,he's his super close best friend,owls,he doesn't know him too well,sad,that's Skylar's mom and Skylar is her kid,fact,Skylar is a total stranger to Skylar's friend's mom,rabbits,she's not as close as her super close best friend,happy,it's her super close best friend and she shares a lot of stuff with her,happy,becasue if she wants to become super close best friends then she should share her emotions,happy,that's her mom and her mom should tell her own kid,fact,she knows her a little bit not completely like a friend
2H,S063,M,6,8,1,Megan,owls,he wants to tell his friend,sad,maybe he can share a lot,owls,he wants to tell everyone he knows,fact,it's his mom,fact,they are basically friends and she wants him to know about them,rabbits,it's her friend,rabbits,they are super close best friends,rabbits,she wants to tell everyone about what she did at school,fact,it's her mom and moms tell everything,fact,she wants to
2A,S064,F,6,2,10,Megan,sad,the other friend will help him,owls,maybe she's interested ,sad,maybe he will play with Skylar,fact,maybe he's intersted,sad,because Skylar is gonna help her,happy,maybe she will also be happy,rabbits,maybe she will be interested and then she will be happy,happy,maybe the other person is sad and it will make him happy,fact,maybe the other person will study about it and then she will like it,happy,she's also happy
2B,S065,F,6,0,25,Megan,owls,he didn't want him to know that he was sad,owls,same as before,sad,now he's feeling better because he wants to be friends,sad,Then Skylar will tell her that he's feeling sad too,fact,he tought he woulod want to learn it also,happy,she asked how was your day and she's happy most of the day,happy,the same as las time,happy,because she didn't want him to get bored,fact,she would ask her if she has learned any facts today,fact,same as before
2C,S066,F,8,11,19,Megan,owls,he still might not feel comfortable about telling he's sad,owls,"even though its a super close best friend, he might not feel comfortable for him to say he was sad",owls,he just meets somebody and you don't tell them that stuff you tell them happy stuff,sad,they are super close,fact,they are not really friends they're just talking. They are not close enough to do that,rabbits,feeling happy is not an interesting thing,rabbits,the rabbits is still more interesting,rabbits,if she talks about feeling happy that's not really that interesting,fact,it's more interesting,fact,it's more interesting
2D,S067,F,7,6,7,Megan,sad,she can help him and do something for him,sad,his friend can do something about it and help him,sad,he can play with him and make him feel better,fact,he can learn something and show it to his teacher at school,fact,he can learn new things and tell his teacher,happy,she's not as close as the other one and it would be better to tell her about the happy,rabbits,idk,rabbits,she's like a really close friend to her it would be better to tell her about it,happy,I don't think her kid needs to know about raccoons and can know about happy,happy,It makes things better than work
2E,S068,F,6,3,5,Megan,sad,so he can know how to not make him sad,owls,it's cool,owls,then the other friend can know,sad,they can figure out how to make his mom happy again,fact,she doesn't want him to know,rabbits,so she can know,rabbits,idk,happy,so that the friend would be friends with her,fact,Jamie is first and know she knows it,fact,then she can know
2F,S069,NB,6,3,15,Megan,sad,it's his friend,sad,because he probably wants to know how he's feeling today,owls,he probably wants to be super close best friends with him,fact,it's a mom,fact,just because,rabbits,it's her friend,rabbits,she's super close,rabbits,it's what will make her close,fact,it's a mom,fact,it's her friend's mom
2G,S070,F,9,1,6,Megan,owls,becuase they asked how was school today,owls,he siad how was school today and not how you feel,sad,that the new friend tried to make you feel better and they will feel really close,sad,he said how are you doing and she would tell her emotions frist,sad,she probably said how are you feeling today and doing,rabbits,she said how was school today,happy,she said how are you feeling today and doing,rabbits,"because when I become friends with someone, I tell a fact",happy,she asked how are you doing today and she felt happy,fact,how are you doing is an action verb and what did you do
2H,S071,M,8,3,9,Megan,owls,because he learned that owls flapped their wings to make them fly,sad,because he's very sad today,owls,the owl is very interesting,sad,because she's very very sad,fact,it's interesting,rabbits,the rabbits is interesting,rabbits,because the rabbits is very interesting,happy,because she's very very happy,fact,because lizard is very intersesting,happy,she's very excited
2A,S072,M,6,2,15,Megan,sad,because he is bored,owls,because owls can flap their wings,sad,because he don't know the thing where owls flap thier wings,fact,she didn't get it right,sad,because she had nothing to do,rabbits,because she is very happy,happy,because she has seen the rabbits,rabbits,the rabbits used to eat carrots,fact,because she saw something special,fact,because lizards can climb and crawl
2B,S073,M,6,7,5,Megan,sad,he is his friend and he would tell him that he's sad,owls,they are cool,owls,if he sees one he might see his wings,sad,so if he also felt sad [s]he would know it,fact,because it's super cool,rabbits,it's super cool,happy,she told her friend about the rabbits,rabbits,the rabbits is cool and she learned something cool from school,fact,because she knows something cool about it,happy,that's how she's feeling and she wants to share it with one of her friends
2C,S074,M,8,5,16,Megan,owls,becuase he isnt sure that his friend,sad,because he might be able to help,sad,because he might realize the problem and help him and be a best friend,sad,because he's her son,fact,because she doesn't know that her son is a friend with him,happy,because happy is a good feeling,happy,because she is a good friend and is safe to share feelings with,rabbits,because rabbits are cool,happy,they are in the same family,happy,because then they would know she is happy
2D,S075,F,7,10,22,Megan,owls,he wouldn't want to be embarrassed by one of his not very close friends,sad,because she asked how was school today,owls,he wouldn't want to say something that would embarrass him in front of a friend he was trying to make,fact,"when it's mom and kid and it's a mom, she wouldn't want to say nonpositive things",sad,the both feel sad they might have a coincidence and keep talking to each other,happy,the orange one asked Jamie how their day was and she would say its a good day,happy,because it's her best friend and she would say how her day is going,rabbits,then they may have connections with the rabbits,happy,because Jamie asked her mim how her day was going,happy,because Jamie's friend's mom asked how her day was going
2D,S076,F,8,3,26,Megan,owls,N/A,sad,N/A,owls,.,fact,.,fact,.,rabbits,N/A,happy,N/A,happy,N/A,fact,N/A,happy,N/A
2D,S077,F,9,6,6,Megan,owls,.,sad,.,owls,.,sad,.,fact,.,rabbits,.,rabbits,.,happy,.,happy,.,happy,.
2C,S078,M,6,1,9,Megan,sad,.,sad,.,owls,.,sad,.,fact,.,rabbits,.,rabbits,.,rabbits,.,fact,.,happy,.
2C,S079,F,6,3,0,Megan,sad,.,sad,.,owls,.,fact,.,sad,.,happy,.,happy,.,happy,.,happy,.,happy,.
2F,S080,M,7,5,1,Megan,sad,.,owls,.,owls,.,fact,.,fact,.,rabbits,.,rabbits,.,rabbits,.,fact,.,fact,.
2D,S081,M,7,6,27,Megan,owls,.,owls,.,owls,.,fact,.,fact,.,rabbits,.,rabbits,.,rabbits,.,fact,.,fact,.
2A,S082,M,8,0,10,Megan,sad,.,sad,.,owls,.,sad,.,fact,.,rabbits,.,happy,.,rabbits,.,happy,.,fact,.
2E,S083,F,6,4,1,Megan,sad,.,sad,.,sad,.,fact,.,sad,.,happy,.,happy,.,happy,.,happy,.,happy,.
2A,S084,M,6,9,5,Megan,sad,.,sad,.,sad,.,sad,.,sad,.,happy,.,happy,.,rabbits,.,happy,.,happy,.
2G,S085,F,9,6,3,Megan,owls,.,sad,.,sad,.,sad,.,fact,.,happy,.,happy,.,rabbits,.,happy,.,happy,.
2B,S086,M,8,4,4,Megan,owls,.,sad,.,sad,.,sad,.,fact,.,rabbits,.,happy,.,happy,.,happy,.,happy,.
2D,S087,F,9,3,3,Megan,owls,.,sad,.,owls,.,sad,.,fact,.,happy,.,happy,.,rabbits,.,fact,.,happy,.
2B,S088,F,6,1,29,Megan,sad,.,sad,.,owls,.,sad,.,sad,.,happy,.,happy,.,happy,.,fact,.,fact,.
2G,S089,M,7,2,6,Megan,owls,.,sad,.,sad,.,sad,.,fact,.,rabbits,.,happy,.,happy,.,happy,.,fact,.
2H,S090,F,7,8,15,Megan,sad,.,sad,.,owls,.,fact,.,fact,.,rabbits,.,rabbits,.,happy,.,fact,.,fact,.
2G,S091,F,6,0,19,Megan,owls,.,owls,.,sad,.,sad,.,sad,.,happy,.,happy,.,happy,.,happy,.,happy,.
2G,S092,M,8,5,8,Megan,owls,.,owls,.,sad,.,sad,.,fact,.,rabbits,.,happy,.,happy,.,fact,.,happy,.
2G,S093,F,8,10,5,Megan,owls,.,sad,.,owls,.,sad,.,sad,.,rabbits,.,happy,.,rabbits,.,happy,.,happy,.
2B,S094,M,7,5,19,Megan,owls,.,sad,.,owls,.,sad,.,sad,.,rabbits,.,happy,.,rabbits,.,fact,.,happy,.
2H,S095,F,8,0,4,Megan,sad,.,owls,.,owls,.,sad,.,sad,.,rabbits,.,rabbits,.,rabbits,.,fact,.,fact,.
2H,S096,M,6,3,18,Megan,sad,.,sad,.,owls,.,sad,.,sad,.,happy,.,happy,.,happy,.,happy,.,happy,.
2F,S097,M,6,5,20,Megan,sad,.,owls,.,owls,.,sad,.,sad,.,happy,.,happy,.,happy,.,fact,.,fact,.
2F,S098,F,7,5,2,Megan,sad,.,owls,.,owls,.,fact,.,sad,.,rabbits,.,happy,.,rabbits,.,fact,.,fact,.
2A,S099,M,8,2,19,Megan,sad,.,sad,.,sad,.,fact,.,sad,.,rabbits,.,rabbits,.,rabbits,.,fact,.,happy,.
2A,S100,F,6,6,26,Megan,sad,.,owls,.,owls,.,fact,.,fact,.,happy,.,happy,.,rabbits,.,fact,.,fact,.
2C,S101,M,8,8,28,Megan,owls,.,sad,.,owls,.,fact,.,fact,.,happy,.,rabbits,.,rabbits,.,fact,.,fact,.
2A,S102,M,7,0,6,Megan,owls,.,sad,.,owls,.,fact,.,fact,.,happy,.,happy,.,rabbits,.,fact,.,happy,.
2G,S103,F,9,6,13,Megan,sad,.,sad,.,owls,.,sad,.,fact,.,rabbits,.,happy,.,rabbits,.,happy,.,fact,.
2C,S104,M,9,8,3,Megan,owls,.,sad,.,sad,.,sad,.,sad,.,rabbits,.,happy,.,happy,.,happy,.,happy,.
2G,S105,F,8,2,13,Megan,sad,.,sad,.,owls,.,sad,.,fact,.,rabbits,.,happy,.,rabbits,.,happy,.,fact,.