"","Version","ID","Sex","AgeYears","AgeMonths","AgeDays","Experimenter","Mom_and_Child","Strangers","Friends","character_emotion","Better_Friend_sad","Ice_Cream_sad","Candy_sad","New_Friend_sad","Mom_sad","FriendMom_sad","character_emotion.1","Better_Friend_happy","Ice_Cream_happy","Candy_happy","New_Friend_happy","Mom_happy","FriendMom_happy","condition","answer"
"1","A","S001","F",8,0,14,"Megan",3,6,4,"Orin",1,1,0,2,1,2,"Cameron",0,1,0,2,2,1,"Circles_emo_h",5
"2","B","S002","F",8,4,22,"Megan",2,6,4,"Orin",1,1,0,2,1,1,"Cameron",1,1,0,2,1,1,"Circles_emo_h",5
"3","A","S003","M",7,7,28,"Megan",3,6,4,"Orin",1,1,0,1,2,1,"Cameron",1,0,1,2,1,2,"Circles_emo_h",5
"4","B","S004","M",6,10,23,"Megan",1,6,3,"Orin",1,1,1,1,2,1,"Cameron",1,1,1,2,2,2,"Circles_emo_h",3
"5","A","S005","F",9,10,17,"Megan",1,6,5,"Orin",1,1,0,1,2,2,"Cameron",1,1,0,1,2,2,"Circles_emo_h",4
"6","B","S006","F",7,11,25,"Megan",1,6,5,"Orin",1,0,0,1,2,2,"Cameron",0,0,0,1,2,1,"Circles_emo_h",4
"7","A","S007","F",7,11,0,"Megan",4,6,2,"Orin",1,1,1,2,2,1,"Cameron",1,0,1,1,2,2,"Circles_emo_h",2
"8","B","S008","F",8,4,22,"Megan",1,6,2,"Orin",1,1,1,2,2,2,"Cameron",1,1,1,2,2,2,"Circles_emo_h",2
"9","A","S009","M",9,9,6,"Megan",2,6,3,"Orin",1,0,1,1,2,1,"Cameron",0,1,0,2,1,1,"Circles_emo_h",4
"10","B","S010","F",8,1,5,"Megan",4,6,5,"Orin",0,0,1,1,2,1,"Cameron",1,0,0,2,1,2,"Circles_emo_h",5
"11","A","S011","M",7,1,9,"Megan",2,5,3,"Orin",0,0,0,2,2,1,"Cameron",1,1,0,2,1,1,"Circles_emo_h",3
"12","B","S012","M",8,5,21,"Megan",1,6,4,"Orin",1,1,0,2,1,1,"Cameron",1,1,0,2,1,1,"Circles_emo_h",1
"13","C","S013","M",6,7,2,"Megan",4,6,3,"Orin",1,0,1,1,2,1,"Cameron",1,0,1,1,2,1,"Circles_emo_h",4
"14","D","S014","M",6,9,12,"Megan",4,6,1,"Orin",1,1,1,2,1,2,"Cameron",0,0,0,2,2,2,"Circles_emo_h",6
"15","C","S015","M",8,8,5,"Megan",3,6,4,"Orin",1,1,0,2,2,1,"Cameron",1,1,0,1,1,2,"Circles_emo_h",4
"16","D","S016","M",7,2,10,"Megan",1,6,5,"Orin",0,1,0,2,2,2,"Cameron",0,0,0,1,1,2,"Circles_emo_h",5
"17","C","S017","M",6,8,2,"Megan",5,6,2,"Orin",1,1,0,2,2,1,"Cameron",0,0,1,2,2,1,"Circles_emo_h",6
"18","D","S018","M",8,1,26,"Megan",1,6,4,"Orin",1,1,1,1,2,1,"Cameron",1,1,1,2,2,1,"Circles_emo_h",5
"19","C","S019","M",7,6,4,"Megan",3,6,1,"Orin",0,1,1,2,2,1,"Cameron",0,1,0,2,2,2,"Circles_emo_h",1
"20","D","S020","F",9,1,12,"Megan",4,6,1,"Orin",1,1,0,2,2,2,"Cameron",0,0,1,1,2,1,"Circles_emo_h",5
"21","C","S021","F",6,5,9,"Megan",6,4,5,"Orin",1,1,0,1,2,1,"Cameron",0,1,0,2,1,2,"Circles_emo_h",4
"22","D","S022","F",6,5,9,"Megan",1,6,5,"Orin",0,0,0,1,1,1,"Cameron",0,0,0,1,1,2,"Circles_emo_h",4
"23","C","S023","M",7,2,14,"Megan",2,6,5,"Orin",1,1,0,2,2,1,"Cameron",1,0,1,1,2,2,"Circles_emo_h",5
"24","D","S024","F",6,9,12,"Megan",1,6,5,"Orin",1,1,1,1,2,1,"Cameron",0,0,0,2,2,1,"Circles_emo_h",5
"25","A","S025","F",7,10,7,"Megan",3,6,2,"Orin",1,1,0,2,2,1,"Cameron",0,1,0,1,2,1,"Circles_emo_h",3
"26","B","S026","M",6,0,15,"Megan",6,5,4,"Orin",0,0,0,1,1,1,"Cameron",0,1,0,2,1,2,"Circles_emo_h",5
"27","C","S027","M",6,11,15,"Megan",4,6,1,"Orin",1,1,1,1,2,2,"Cameron",0,0,0,2,2,2,"Circles_emo_h",6
"28","D","S028","F",7,6,27,"Megan",1,6,3,"Orin",0,1,0,1,2,1,"Cameron",0,0,0,2,1,2,"Circles_emo_h",5
"29","A","S029","M",6,5,20,"Megan",4,6,5,"Orin",1,1,1,2,1,2,"Cameron",1,1,0,1,1,1,"Circles_emo_h",6
"30","B","S030","M",7,1,26,"Megan",3,6,5,"Orin",0,1,1,2,2,1,"Cameron",0,1,1,2,1,2,"Circles_emo_h",1
"31","C","S031","M",7,6,29,"Megan",4,6,3,"Orin",1,0,1,1,2,1,"Cameron",1,0,1,1,1,1,"Circles_emo_h",5
"32","E","S032","M",8,11,11,"Megan",6,6,1,"Avery",1,1,0,1,1,1,"Riley",1,1,1,1,2,1,"Circles_emo_h",2
"33","G","S034","M",7,1,21,"Megan",1,6,3,"Avery",1,1,1,2,2,2,"Riley",1,1,1,1,2,2,"Circles_emo_h",2
"34","H","S035","M",9,1,20,"Megan",4,6,5,"Avery",1,0,0,1,2,1,"Riley",1,0,0,1,2,2,"Circles_emo_h",5
"35","E","S036","M",6,6,24,"Megan",4,6,1,"Avery",0,0,1,1,1,2,"Riley",1,0,1,2,2,1,"Circles_emo_h",4
"36","F","S037","M",8,4,2,"Megan",2,6,4,"Avery",1,0,1,1,1,1,"Riley",1,0,1,2,1,1,"Circles_emo_h",5
"37","G","S038","M",8,11,9,"Megan",1,6,3,"Avery",1,1,1,2,2,2,"Riley",0,0,0,2,2,2,"Circles_emo_h",4
"38","H","S039","M",7,4,24,"Megan",4,6,3,"Avery",1,1,1,2,2,1,"Riley",1,1,1,2,1,1,"Circles_emo_h",6
"39","E","S040","M",6,7,28,"Megan",1,6,3,"Avery",1,1,1,1,2,2,"Riley",0,0,1,1,2,2,"Circles_emo_h",3
"40","F","S041","F",8,3,30,"Megan",2,6,3,"Avery",1,0,1,1,2,1,"Riley",0,0,1,2,2,1,"Circles_emo_h",2
"41","G","S042","F",9,6,22,"Megan",2,6,4,"Avery",1,1,1,2,2,1,"Riley",1,1,1,2,2,1,"Circles_emo_h",4
"42","E","S044","F",9,9,18,"Megan",3,6,4,"Avery",1,1,1,2,2,2,"Riley",1,1,1,2,2,2,"Circles_emo_h",4
"43","F","S045","F",7,7,27,"Megan",2,6,3,"Avery",0,0,0,1,2,1,"Riley",0,0,1,1,2,2,"Circles_emo_h",3
"44","G","S046","F",8,2,8,"Megan",2,6,4,"Avery",1,1,0,2,2,2,"Riley",0,0,1,1,1,1,"Circles_emo_h",4
"45","H","S047","F",8,2,3,"Megan",4,6,5,"Avery",1,1,1,2,2,2,"Riley",1,1,1,2,2,2,"Circles_emo_h",3
"46","E","S048","M",9,7,14,"Megan",3,6,5,"Avery",1,1,1,2,2,1,"Riley",1,0,1,1,1,1,"Circles_emo_h",5
"47","F","S049","M",7,3,9,"Megan",1,6,2,"Avery",0,1,0,1,2,2,"Riley",1,0,1,2,1,1,"Circles_emo_h",4
"48","G","S050","M",7,1,5,"Megan",1,6,3,"Avery",1,1,1,1,1,2,"Riley",1,1,1,1,1,2,"Circles_emo_h",3
"49","H","S051","F",9,2,5,"Megan",3,4,5,"Avery",1,0,1,1,2,1,"Riley",0,1,0,1,1,1,"Circles_emo_h",5
"50","E","S052","M",9,6,13,"Megan",5,6,4,"Avery",1,1,1,2,2,1,"Riley",1,1,1,2,1,1,"Circles_emo_h",5
"51","F","S053","M",7,5,12,"Megan",1,6,4,"Avery",1,0,1,1,2,2,"Riley",0,1,0,2,2,1,"Circles_emo_h",6
"52","G","S054","M",8,5,22,"Megan",5,6,2,"Avery",1,1,1,2,2,2,"Riley",0,0,0,2,2,2,"Circles_emo_h",2
"53","H","S055","M",6,3,15,"Megan",1,2,3,"Avery",1,1,1,1,1,1,"Riley",0,1,1,2,2,2,"Circles_emo_h",5
"54","E","S056","M",6,2,13,"Megan",1,6,3,"Avery",0,1,0,1,1,1,"Riley",0,0,1,1,1,1,"Circles_emo_h",6
"55","F","S057","M",9,3,2,"Megan",1,6,4,"Avery",1,0,1,2,2,1,"Riley",0,1,0,2,2,1,"Circles_emo_h",4
"56","G","S058","F",7,6,1,"Megan",5,6,3,"Avery",0,0,1,2,1,2,"Riley",0,0,1,1,1,2,"Circles_emo_h",5
"57","H","S059","M",6,10,16,"Megan",4,6,3,"Avery",1,1,1,1,2,2,"Riley",0,0,0,1,1,1,"Circles_emo_h",6
"58","A","S001","F",8,0,14,"Megan",3,6,4,"Orin",1,1,0,2,1,2,"Cameron",0,1,0,2,2,1,"Circles_emo_s",5
"59","B","S002","F",8,4,22,"Megan",2,6,4,"Orin",1,1,0,2,1,1,"Cameron",1,1,0,2,1,1,"Circles_emo_s",3
"60","A","S003","M",7,7,28,"Megan",3,6,4,"Orin",1,1,0,1,2,1,"Cameron",1,0,1,2,1,2,"Circles_emo_s",5
"61","B","S004","M",6,10,23,"Megan",1,6,3,"Orin",1,1,1,1,2,1,"Cameron",1,1,1,2,2,2,"Circles_emo_s",3
"62","A","S005","F",9,10,17,"Megan",1,6,5,"Orin",1,1,0,1,2,2,"Cameron",1,1,0,1,2,2,"Circles_emo_s",4
"63","B","S006","F",7,11,25,"Megan",1,6,5,"Orin",1,0,0,1,2,2,"Cameron",0,0,0,1,2,1,"Circles_emo_s",5
"64","A","S007","F",7,11,0,"Megan",4,6,2,"Orin",1,1,1,2,2,1,"Cameron",1,0,1,1,2,2,"Circles_emo_s",1
"65","B","S008","F",8,4,22,"Megan",1,6,2,"Orin",1,1,1,2,2,2,"Cameron",1,1,1,2,2,2,"Circles_emo_s",2
"66","A","S009","M",9,9,6,"Megan",2,6,3,"Orin",1,0,1,1,2,1,"Cameron",0,1,0,2,1,1,"Circles_emo_s",4
"67","B","S010","F",8,1,5,"Megan",4,6,5,"Orin",0,0,1,1,2,1,"Cameron",1,0,0,2,1,2,"Circles_emo_s",5
"68","A","S011","M",7,1,9,"Megan",2,5,3,"Orin",0,0,0,2,2,1,"Cameron",1,1,0,2,1,1,"Circles_emo_s",4
"69","B","S012","M",8,5,21,"Megan",1,6,4,"Orin",1,1,0,2,1,1,"Cameron",1,1,0,2,1,1,"Circles_emo_s",1
"70","C","S013","M",6,7,2,"Megan",4,6,3,"Orin",1,0,1,1,2,1,"Cameron",1,0,1,1,2,1,"Circles_emo_s",4
"71","D","S014","M",6,9,12,"Megan",4,6,1,"Orin",1,1,1,2,1,2,"Cameron",0,0,0,2,2,2,"Circles_emo_s",6
"72","C","S015","M",8,8,5,"Megan",3,6,4,"Orin",1,1,0,2,2,1,"Cameron",1,1,0,1,1,2,"Circles_emo_s",4
"73","D","S016","M",7,2,10,"Megan",1,6,5,"Orin",0,1,0,2,2,2,"Cameron",0,0,0,1,1,2,"Circles_emo_s",5
"74","C","S017","M",6,8,2,"Megan",5,6,2,"Orin",1,1,0,2,2,1,"Cameron",0,0,1,2,2,1,"Circles_emo_s",6
"75","D","S018","M",8,1,26,"Megan",1,6,4,"Orin",1,1,1,1,2,1,"Cameron",1,1,1,2,2,1,"Circles_emo_s",4
"76","C","S019","M",7,6,4,"Megan",3,6,1,"Orin",0,1,1,2,2,1,"Cameron",0,1,0,2,2,2,"Circles_emo_s",6
"77","D","S020","F",9,1,12,"Megan",4,6,1,"Orin",1,1,0,2,2,2,"Cameron",0,0,1,1,2,1,"Circles_emo_s",2
"78","C","S021","F",6,5,9,"Megan",6,4,5,"Orin",1,1,0,1,2,1,"Cameron",0,1,0,2,1,2,"Circles_emo_s",4
"79","D","S022","F",6,5,9,"Megan",1,6,5,"Orin",0,0,0,1,1,1,"Cameron",0,0,0,1,1,2,"Circles_emo_s",6
"80","C","S023","M",7,2,14,"Megan",2,6,5,"Orin",1,1,0,2,2,1,"Cameron",1,0,1,1,2,2,"Circles_emo_s",6
"81","D","S024","F",6,9,12,"Megan",1,6,5,"Orin",1,1,1,1,2,1,"Cameron",0,0,0,2,2,1,"Circles_emo_s",4
"82","A","S025","F",7,10,7,"Megan",3,6,2,"Orin",1,1,0,2,2,1,"Cameron",0,1,0,1,2,1,"Circles_emo_s",2
"83","B","S026","M",6,0,15,"Megan",6,5,4,"Orin",0,0,0,1,1,1,"Cameron",0,1,0,2,1,2,"Circles_emo_s",2
"84","C","S027","M",6,11,15,"Megan",4,6,1,"Orin",1,1,1,1,2,2,"Cameron",0,0,0,2,2,2,"Circles_emo_s",5
"85","D","S028","F",7,6,27,"Megan",1,6,3,"Orin",0,1,0,1,2,1,"Cameron",0,0,0,2,1,2,"Circles_emo_s",5
"86","A","S029","M",6,5,20,"Megan",4,6,5,"Orin",1,1,1,2,1,2,"Cameron",1,1,0,1,1,1,"Circles_emo_s",6
"87","B","S030","M",7,1,26,"Megan",3,6,5,"Orin",0,1,1,2,2,1,"Cameron",0,1,1,2,1,2,"Circles_emo_s",5
"88","C","S031","M",7,6,29,"Megan",4,6,3,"Orin",1,0,1,1,2,1,"Cameron",1,0,1,1,1,1,"Circles_emo_s",5
"89","E","S032","M",8,11,11,"Megan",6,6,1,"Avery",1,1,0,1,1,1,"Riley",1,1,1,1,2,1,"Circles_emo_s",2
"90","G","S034","M",7,1,21,"Megan",1,6,3,"Avery",1,1,1,2,2,2,"Riley",1,1,1,1,2,2,"Circles_emo_s",2
"91","H","S035","M",9,1,20,"Megan",4,6,5,"Avery",1,0,0,1,2,1,"Riley",1,0,0,1,2,2,"Circles_emo_s",4
"92","E","S036","M",6,6,24,"Megan",4,6,1,"Avery",0,0,1,1,1,2,"Riley",1,0,1,2,2,1,"Circles_emo_s",6
"93","F","S037","M",8,4,2,"Megan",2,6,4,"Avery",1,0,1,1,1,1,"Riley",1,0,1,2,1,1,"Circles_emo_s",6
"94","G","S038","M",8,11,9,"Megan",1,6,3,"Avery",1,1,1,2,2,2,"Riley",0,0,0,2,2,2,"Circles_emo_s",3
"95","H","S039","M",7,4,24,"Megan",4,6,3,"Avery",1,1,1,2,2,1,"Riley",1,1,1,2,1,1,"Circles_emo_s",6
"96","E","S040","M",6,7,28,"Megan",1,6,3,"Avery",1,1,1,1,2,2,"Riley",0,0,1,1,2,2,"Circles_emo_s",4
"97","F","S041","F",8,3,30,"Megan",2,6,3,"Avery",1,0,1,1,2,1,"Riley",0,0,1,2,2,1,"Circles_emo_s",1
"98","G","S042","F",9,6,22,"Megan",2,6,4,"Avery",1,1,1,2,2,1,"Riley",1,1,1,2,2,1,"Circles_emo_s",4
"99","E","S044","F",9,9,18,"Megan",3,6,4,"Avery",1,1,1,2,2,2,"Riley",1,1,1,2,2,2,"Circles_emo_s",4
"100","F","S045","F",7,7,27,"Megan",2,6,3,"Avery",0,0,0,1,2,1,"Riley",0,0,1,1,2,2,"Circles_emo_s",4
"101","G","S046","F",8,2,8,"Megan",2,6,4,"Avery",1,1,0,2,2,2,"Riley",0,0,1,1,1,1,"Circles_emo_s",3
"102","H","S047","F",8,2,3,"Megan",4,6,5,"Avery",1,1,1,2,2,2,"Riley",1,1,1,2,2,2,"Circles_emo_s",3
"103","E","S048","M",9,7,14,"Megan",3,6,5,"Avery",1,1,1,2,2,1,"Riley",1,0,1,1,1,1,"Circles_emo_s",4
"104","F","S049","M",7,3,9,"Megan",1,6,2,"Avery",0,1,0,1,2,2,"Riley",1,0,1,2,1,1,"Circles_emo_s",6
"105","G","S050","M",7,1,5,"Megan",1,6,3,"Avery",1,1,1,1,1,2,"Riley",1,1,1,1,1,2,"Circles_emo_s",4
"106","H","S051","F",9,2,5,"Megan",3,4,5,"Avery",1,0,1,1,2,1,"Riley",0,1,0,1,1,1,"Circles_emo_s",4
"107","E","S052","M",9,6,13,"Megan",5,6,4,"Avery",1,1,1,2,2,1,"Riley",1,1,1,2,1,1,"Circles_emo_s",5
"108","F","S053","M",7,5,12,"Megan",1,6,4,"Avery",1,0,1,1,2,2,"Riley",0,1,0,2,2,1,"Circles_emo_s",5
"109","G","S054","M",8,5,22,"Megan",5,6,2,"Avery",1,1,1,2,2,2,"Riley",0,0,0,2,2,2,"Circles_emo_s",3
"110","H","S055","M",6,3,15,"Megan",1,2,3,"Avery",1,1,1,1,1,1,"Riley",0,1,1,2,2,2,"Circles_emo_s",2
"111","E","S056","M",6,2,13,"Megan",1,6,3,"Avery",0,1,0,1,1,1,"Riley",0,0,1,1,1,1,"Circles_emo_s",6
"112","F","S057","M",9,3,2,"Megan",1,6,4,"Avery",1,0,1,2,2,1,"Riley",0,1,0,2,2,1,"Circles_emo_s",3
"113","G","S058","F",7,6,1,"Megan",5,6,3,"Avery",0,0,1,2,1,2,"Riley",0,0,1,1,1,2,"Circles_emo_s",5
"114","H","S059","M",6,10,16,"Megan",4,6,3,"Avery",1,1,1,1,2,2,"Riley",0,0,0,1,1,1,"Circles_emo_s",6
"115","A","S001","F",8,0,14,"Megan",3,6,4,"Orin",1,1,0,2,1,2,"Cameron",0,1,0,2,2,1,"Circles_fact_h",5
"116","B","S002","F",8,4,22,"Megan",2,6,4,"Orin",1,1,0,2,1,1,"Cameron",1,1,0,2,1,1,"Circles_fact_h",3
"117","A","S003","M",7,7,28,"Megan",3,6,4,"Orin",1,1,0,1,2,1,"Cameron",1,0,1,2,1,2,"Circles_fact_h",4
"118","B","S004","M",6,10,23,"Megan",1,6,3,"Orin",1,1,1,1,2,1,"Cameron",1,1,1,2,2,2,"Circles_fact_h",6
"119","A","S005","F",9,10,17,"Megan",1,6,5,"Orin",1,1,0,1,2,2,"Cameron",1,1,0,1,2,2,"Circles_fact_h",5
"120","B","S006","F",7,11,25,"Megan",1,6,5,"Orin",1,0,0,1,2,2,"Cameron",0,0,0,1,2,1,"Circles_fact_h",5
"121","A","S007","F",7,11,0,"Megan",4,6,2,"Orin",1,1,1,2,2,1,"Cameron",1,0,1,1,2,2,"Circles_fact_h",4
"122","B","S008","F",8,4,22,"Megan",1,6,2,"Orin",1,1,1,2,2,2,"Cameron",1,1,1,2,2,2,"Circles_fact_h",3
"123","A","S009","M",9,9,6,"Megan",2,6,3,"Orin",1,0,1,1,2,1,"Cameron",0,1,0,2,1,1,"Circles_fact_h",3
"124","B","S010","F",8,1,5,"Megan",4,6,5,"Orin",0,0,1,1,2,1,"Cameron",1,0,0,2,1,2,"Circles_fact_h",5
"125","A","S011","M",7,1,9,"Megan",2,5,3,"Orin",0,0,0,2,2,1,"Cameron",1,1,0,2,1,1,"Circles_fact_h",4
"126","B","S012","M",8,5,21,"Megan",1,6,4,"Orin",1,1,0,2,1,1,"Cameron",1,1,0,2,1,1,"Circles_fact_h",3
"127","C","S013","M",6,7,2,"Megan",4,6,3,"Orin",1,0,1,1,2,1,"Cameron",1,0,1,1,2,1,"Circles_fact_h",4
"128","D","S014","M",6,9,12,"Megan",4,6,1,"Orin",1,1,1,2,1,2,"Cameron",0,0,0,2,2,2,"Circles_fact_h",6
"129","C","S015","M",8,8,5,"Megan",3,6,4,"Orin",1,1,0,2,2,1,"Cameron",1,1,0,1,1,2,"Circles_fact_h",5
"130","D","S016","M",7,2,10,"Megan",1,6,5,"Orin",0,1,0,2,2,2,"Cameron",0,0,0,1,1,2,"Circles_fact_h",4
"131","C","S017","M",6,8,2,"Megan",5,6,2,"Orin",1,1,0,2,2,1,"Cameron",0,0,1,2,2,1,"Circles_fact_h",5
"132","D","S018","M",8,1,26,"Megan",1,6,4,"Orin",1,1,1,1,2,1,"Cameron",1,1,1,2,2,1,"Circles_fact_h",4
"133","C","S019","M",7,6,4,"Megan",3,6,1,"Orin",0,1,1,2,2,1,"Cameron",0,1,0,2,2,2,"Circles_fact_h",1
"134","D","S020","F",9,1,12,"Megan",4,6,1,"Orin",1,1,0,2,2,2,"Cameron",0,0,1,1,2,1,"Circles_fact_h",5
"135","C","S021","F",6,5,9,"Megan",6,4,5,"Orin",1,1,0,1,2,1,"Cameron",0,1,0,2,1,2,"Circles_fact_h",2
"136","D","S022","F",6,5,9,"Megan",1,6,5,"Orin",0,0,0,1,1,1,"Cameron",0,0,0,1,1,2,"Circles_fact_h",1
"137","C","S023","M",7,2,14,"Megan",2,6,5,"Orin",1,1,0,2,2,1,"Cameron",1,0,1,1,2,2,"Circles_fact_h",6
"138","D","S024","F",6,9,12,"Megan",1,6,5,"Orin",1,1,1,1,2,1,"Cameron",0,0,0,2,2,1,"Circles_fact_h",4
"139","A","S025","F",7,10,7,"Megan",3,6,2,"Orin",1,1,0,2,2,1,"Cameron",0,1,0,1,2,1,"Circles_fact_h",4
"140","B","S026","M",6,0,15,"Megan",6,5,4,"Orin",0,0,0,1,1,1,"Cameron",0,1,0,2,1,2,"Circles_fact_h",6
"141","C","S027","M",6,11,15,"Megan",4,6,1,"Orin",1,1,1,1,2,2,"Cameron",0,0,0,2,2,2,"Circles_fact_h",6
"142","D","S028","F",7,6,27,"Megan",1,6,3,"Orin",0,1,0,1,2,1,"Cameron",0,0,0,2,1,2,"Circles_fact_h",4
"143","A","S029","M",6,5,20,"Megan",4,6,5,"Orin",1,1,1,2,1,2,"Cameron",1,1,0,1,1,1,"Circles_fact_h",5
"144","B","S030","M",7,1,26,"Megan",3,6,5,"Orin",0,1,1,2,2,1,"Cameron",0,1,1,2,1,2,"Circles_fact_h",3
"145","C","S031","M",7,6,29,"Megan",4,6,3,"Orin",1,0,1,1,2,1,"Cameron",1,0,1,1,1,1,"Circles_fact_h",5
"146","E","S032","M",8,11,11,"Megan",6,6,1,"Avery",1,1,0,1,1,1,"Riley",1,1,1,1,2,1,"Circles_fact_h",3
"147","G","S034","M",7,1,21,"Megan",1,6,3,"Avery",1,1,1,2,2,2,"Riley",1,1,1,1,2,2,"Circles_fact_h",4
"148","H","S035","M",9,1,20,"Megan",4,6,5,"Avery",1,0,0,1,2,1,"Riley",1,0,0,1,2,2,"Circles_fact_h",4
"149","E","S036","M",6,6,24,"Megan",4,6,1,"Avery",0,0,1,1,1,2,"Riley",1,0,1,2,2,1,"Circles_fact_h",1
"150","F","S037","M",8,4,2,"Megan",2,6,4,"Avery",1,0,1,1,1,1,"Riley",1,0,1,2,1,1,"Circles_fact_h",5
"151","G","S038","M",8,11,9,"Megan",1,6,3,"Avery",1,1,1,2,2,2,"Riley",0,0,0,2,2,2,"Circles_fact_h",4
"152","H","S039","M",7,4,24,"Megan",4,6,3,"Avery",1,1,1,2,2,1,"Riley",1,1,1,2,1,1,"Circles_fact_h",6
"153","E","S040","M",6,7,28,"Megan",1,6,3,"Avery",1,1,1,1,2,2,"Riley",0,0,1,1,2,2,"Circles_fact_h",4
"154","F","S041","F",8,3,30,"Megan",2,6,3,"Avery",1,0,1,1,2,1,"Riley",0,0,1,2,2,1,"Circles_fact_h",2
"155","G","S042","F",9,6,22,"Megan",2,6,4,"Avery",1,1,1,2,2,1,"Riley",1,1,1,2,2,1,"Circles_fact_h",5
"156","E","S044","F",9,9,18,"Megan",3,6,4,"Avery",1,1,1,2,2,2,"Riley",1,1,1,2,2,2,"Circles_fact_h",4
"157","F","S045","F",7,7,27,"Megan",2,6,3,"Avery",0,0,0,1,2,1,"Riley",0,0,1,1,2,2,"Circles_fact_h",3
"158","G","S046","F",8,2,8,"Megan",2,6,4,"Avery",1,1,0,2,2,2,"Riley",0,0,1,1,1,1,"Circles_fact_h",5
"159","H","S047","F",8,2,3,"Megan",4,6,5,"Avery",1,1,1,2,2,2,"Riley",1,1,1,2,2,2,"Circles_fact_h",4
"160","E","S048","M",9,7,14,"Megan",3,6,5,"Avery",1,1,1,2,2,1,"Riley",1,0,1,1,1,1,"Circles_fact_h",5
"161","F","S049","M",7,3,9,"Megan",1,6,2,"Avery",0,1,0,1,2,2,"Riley",1,0,1,2,1,1,"Circles_fact_h",4
"162","G","S050","M",7,1,5,"Megan",1,6,3,"Avery",1,1,1,1,1,2,"Riley",1,1,1,1,1,2,"Circles_fact_h",3
"163","H","S051","F",9,2,5,"Megan",3,4,5,"Avery",1,0,1,1,2,1,"Riley",0,1,0,1,1,1,"Circles_fact_h",4
"164","E","S052","M",9,6,13,"Megan",5,6,4,"Avery",1,1,1,2,2,1,"Riley",1,1,1,2,1,1,"Circles_fact_h",6
"165","F","S053","M",7,5,12,"Megan",1,6,4,"Avery",1,0,1,1,2,2,"Riley",0,1,0,2,2,1,"Circles_fact_h",4
"166","G","S054","M",8,5,22,"Megan",5,6,2,"Avery",1,1,1,2,2,2,"Riley",0,0,0,2,2,2,"Circles_fact_h",1
"167","H","S055","M",6,3,15,"Megan",1,2,3,"Avery",1,1,1,1,1,1,"Riley",0,1,1,2,2,2,"Circles_fact_h",6
"168","E","S056","M",6,2,13,"Megan",1,6,3,"Avery",0,1,0,1,1,1,"Riley",0,0,1,1,1,1,"Circles_fact_h",6
"169","F","S057","M",9,3,2,"Megan",1,6,4,"Avery",1,0,1,2,2,1,"Riley",0,1,0,2,2,1,"Circles_fact_h",3
"170","G","S058","F",7,6,1,"Megan",5,6,3,"Avery",0,0,1,2,1,2,"Riley",0,0,1,1,1,2,"Circles_fact_h",5
"171","H","S059","M",6,10,16,"Megan",4,6,3,"Avery",1,1,1,1,2,2,"Riley",0,0,0,1,1,1,"Circles_fact_h",6
"172","A","S001","F",8,0,14,"Megan",3,6,4,"Orin",1,1,0,2,1,2,"Cameron",0,1,0,2,2,1,"Circles_fact_s",6
"173","B","S002","F",8,4,22,"Megan",2,6,4,"Orin",1,1,0,2,1,1,"Cameron",1,1,0,2,1,1,"Circles_fact_s",5
"174","A","S003","M",7,7,28,"Megan",3,6,4,"Orin",1,1,0,1,2,1,"Cameron",1,0,1,2,1,2,"Circles_fact_s",5
"175","B","S004","M",6,10,23,"Megan",1,6,3,"Orin",1,1,1,1,2,1,"Cameron",1,1,1,2,2,2,"Circles_fact_s",6
"176","A","S005","F",9,10,17,"Megan",1,6,5,"Orin",1,1,0,1,2,2,"Cameron",1,1,0,1,2,2,"Circles_fact_s",5
"177","B","S006","F",7,11,25,"Megan",1,6,5,"Orin",1,0,0,1,2,2,"Cameron",0,0,0,1,2,1,"Circles_fact_s",5
"178","A","S007","F",7,11,0,"Megan",4,6,2,"Orin",1,1,1,2,2,1,"Cameron",1,0,1,1,2,2,"Circles_fact_s",6
"179","B","S008","F",8,4,22,"Megan",1,6,2,"Orin",1,1,1,2,2,2,"Cameron",1,1,1,2,2,2,"Circles_fact_s",3
"180","A","S009","M",9,9,6,"Megan",2,6,3,"Orin",1,0,1,1,2,1,"Cameron",0,1,0,2,1,1,"Circles_fact_s",4
"181","B","S010","F",8,1,5,"Megan",4,6,5,"Orin",0,0,1,1,2,1,"Cameron",1,0,0,2,1,2,"Circles_fact_s",5
"182","A","S011","M",7,1,9,"Megan",2,5,3,"Orin",0,0,0,2,2,1,"Cameron",1,1,0,2,1,1,"Circles_fact_s",2
"183","B","S012","M",8,5,21,"Megan",1,6,4,"Orin",1,1,0,2,1,1,"Cameron",1,1,0,2,1,1,"Circles_fact_s",4
"184","C","S013","M",6,7,2,"Megan",4,6,3,"Orin",1,0,1,1,2,1,"Cameron",1,0,1,1,2,1,"Circles_fact_s",4
"185","D","S014","M",6,9,12,"Megan",4,6,1,"Orin",1,1,1,2,1,2,"Cameron",0,0,0,2,2,2,"Circles_fact_s",6
"186","C","S015","M",8,8,5,"Megan",3,6,4,"Orin",1,1,0,2,2,1,"Cameron",1,1,0,1,1,2,"Circles_fact_s",4
"187","D","S016","M",7,2,10,"Megan",1,6,5,"Orin",0,1,0,2,2,2,"Cameron",0,0,0,1,1,2,"Circles_fact_s",6
"188","C","S017","M",6,8,2,"Megan",5,6,2,"Orin",1,1,0,2,2,1,"Cameron",0,0,1,2,2,1,"Circles_fact_s",6
"189","D","S018","M",8,1,26,"Megan",1,6,4,"Orin",1,1,1,1,2,1,"Cameron",1,1,1,2,2,1,"Circles_fact_s",5
"190","C","S019","M",7,6,4,"Megan",3,6,1,"Orin",0,1,1,2,2,1,"Cameron",0,1,0,2,2,2,"Circles_fact_s",4
"191","D","S020","F",9,1,12,"Megan",4,6,1,"Orin",1,1,0,2,2,2,"Cameron",0,0,1,1,2,1,"Circles_fact_s",4
"192","C","S021","F",6,5,9,"Megan",6,4,5,"Orin",1,1,0,1,2,1,"Cameron",0,1,0,2,1,2,"Circles_fact_s",3
"193","D","S022","F",6,5,9,"Megan",1,6,5,"Orin",0,0,0,1,1,1,"Cameron",0,0,0,1,1,2,"Circles_fact_s",2
"194","C","S023","M",7,2,14,"Megan",2,6,5,"Orin",1,1,0,2,2,1,"Cameron",1,0,1,1,2,2,"Circles_fact_s",6
"195","D","S024","F",6,9,12,"Megan",1,6,5,"Orin",1,1,1,1,2,1,"Cameron",0,0,0,2,2,1,"Circles_fact_s",5
"196","A","S025","F",7,10,7,"Megan",3,6,2,"Orin",1,1,0,2,2,1,"Cameron",0,1,0,1,2,1,"Circles_fact_s",4
"197","B","S026","M",6,0,15,"Megan",6,5,4,"Orin",0,0,0,1,1,1,"Cameron",0,1,0,2,1,2,"Circles_fact_s",1
"198","C","S027","M",6,11,15,"Megan",4,6,1,"Orin",1,1,1,1,2,2,"Cameron",0,0,0,2,2,2,"Circles_fact_s",5
"199","D","S028","F",7,6,27,"Megan",1,6,3,"Orin",0,1,0,1,2,1,"Cameron",0,0,0,2,1,2,"Circles_fact_s",4
"200","A","S029","M",6,5,20,"Megan",4,6,5,"Orin",1,1,1,2,1,2,"Cameron",1,1,0,1,1,1,"Circles_fact_s",6
"201","B","S030","M",7,1,26,"Megan",3,6,5,"Orin",0,1,1,2,2,1,"Cameron",0,1,1,2,1,2,"Circles_fact_s",6
"202","C","S031","M",7,6,29,"Megan",4,6,3,"Orin",1,0,1,1,2,1,"Cameron",1,0,1,1,1,1,"Circles_fact_s",5
"203","E","S032","M",8,11,11,"Megan",6,6,1,"Avery",1,1,0,1,1,1,"Riley",1,1,1,1,2,1,"Circles_fact_s",2
"204","G","S034","M",7,1,21,"Megan",1,6,3,"Avery",1,1,1,2,2,2,"Riley",1,1,1,1,2,2,"Circles_fact_s",4
"205","H","S035","M",9,1,20,"Megan",4,6,5,"Avery",1,0,0,1,2,1,"Riley",1,0,0,1,2,2,"Circles_fact_s",5
"206","E","S036","M",6,6,24,"Megan",4,6,1,"Avery",0,0,1,1,1,2,"Riley",1,0,1,2,2,1,"Circles_fact_s",4
"207","F","S037","M",8,4,2,"Megan",2,6,4,"Avery",1,0,1,1,1,1,"Riley",1,0,1,2,1,1,"Circles_fact_s",5
"208","G","S038","M",8,11,9,"Megan",1,6,3,"Avery",1,1,1,2,2,2,"Riley",0,0,0,2,2,2,"Circles_fact_s",4
"209","H","S039","M",7,4,24,"Megan",4,6,3,"Avery",1,1,1,2,2,1,"Riley",1,1,1,2,1,1,"Circles_fact_s",6
"210","E","S040","M",6,7,28,"Megan",1,6,3,"Avery",1,1,1,1,2,2,"Riley",0,0,1,1,2,2,"Circles_fact_s",4
"211","F","S041","F",8,3,30,"Megan",2,6,3,"Avery",1,0,1,1,2,1,"Riley",0,0,1,2,2,1,"Circles_fact_s",3
"212","G","S042","F",9,6,22,"Megan",2,6,4,"Avery",1,1,1,2,2,1,"Riley",1,1,1,2,2,1,"Circles_fact_s",5
"213","E","S044","F",9,9,18,"Megan",3,6,4,"Avery",1,1,1,2,2,2,"Riley",1,1,1,2,2,2,"Circles_fact_s",5
"214","F","S045","F",7,7,27,"Megan",2,6,3,"Avery",0,0,0,1,2,1,"Riley",0,0,1,1,2,2,"Circles_fact_s",2
"215","G","S046","F",8,2,8,"Megan",2,6,4,"Avery",1,1,0,2,2,2,"Riley",0,0,1,1,1,1,"Circles_fact_s",4
"216","H","S047","F",8,2,3,"Megan",4,6,5,"Avery",1,1,1,2,2,2,"Riley",1,1,1,2,2,2,"Circles_fact_s",4
"217","E","S048","M",9,7,14,"Megan",3,6,5,"Avery",1,1,1,2,2,1,"Riley",1,0,1,1,1,1,"Circles_fact_s",5
"218","F","S049","M",7,3,9,"Megan",1,6,2,"Avery",0,1,0,1,2,2,"Riley",1,0,1,2,1,1,"Circles_fact_s",6
"219","G","S050","M",7,1,5,"Megan",1,6,3,"Avery",1,1,1,1,1,2,"Riley",1,1,1,1,1,2,"Circles_fact_s",3
"220","H","S051","F",9,2,5,"Megan",3,4,5,"Avery",1,0,1,1,2,1,"Riley",0,1,0,1,1,1,"Circles_fact_s",5
"221","E","S052","M",9,6,13,"Megan",5,6,4,"Avery",1,1,1,2,2,1,"Riley",1,1,1,2,1,1,"Circles_fact_s",6
"222","F","S053","M",7,5,12,"Megan",1,6,4,"Avery",1,0,1,1,2,2,"Riley",0,1,0,2,2,1,"Circles_fact_s",5
"223","G","S054","M",8,5,22,"Megan",5,6,2,"Avery",1,1,1,2,2,2,"Riley",0,0,0,2,2,2,"Circles_fact_s",5
"224","H","S055","M",6,3,15,"Megan",1,2,3,"Avery",1,1,1,1,1,1,"Riley",0,1,1,2,2,2,"Circles_fact_s",3
"225","E","S056","M",6,2,13,"Megan",1,6,3,"Avery",0,1,0,1,1,1,"Riley",0,0,1,1,1,1,"Circles_fact_s",5
"226","F","S057","M",9,3,2,"Megan",1,6,4,"Avery",1,0,1,2,2,1,"Riley",0,1,0,2,2,1,"Circles_fact_s",4
"227","G","S058","F",7,6,1,"Megan",5,6,3,"Avery",0,0,1,2,1,2,"Riley",0,0,1,1,1,2,"Circles_fact_s",5
"228","H","S059","M",6,10,16,"Megan",4,6,3,"Avery",1,1,1,1,2,2,"Riley",0,0,0,1,1,1,"Circles_fact_s",6
